﻿version:v1.0,,,,,,,,,,,,,,,,
이름 [displayName] 필수,사용자 이름 [userPrincipalName] 필수,초기 암호 [passwordProfile] 필수,로그인 차단(예/아니요) [accountEnabled] 필수,이름 [givenName],성 [surname],직함 [jobTitle],부서 [department],사용량 위치 [usageLocation],주소 [streetAddress],시/도 [state],국가 또는 지역 [country],Office [physicalDeliveryOfficeName],구/군/시 [city],우편 번호 [postalCode],사무실 전화 [telephoneNumber],휴대폰 [mobile]
Homer Simpson,HomerS@<tenant>.onmicrosoft.com,Demo!pass123, No,,,,,United States,,,,,,,,
Marge Simpson,MargeS@<tenant>.onmicrosoft.com,Demo!pass123, No,,,,,United States,,,,,,,,
Bart Simpson,BartS@<tenant>.onmicrosoft.com,Demo!pass123, No,,,,,United States,,,,,,,,
Lisa Simpson,LisaS@<tenant>.onmicrosoft.com,Demo!pass123, No,,,,,United States,,,,,,,,
Maggie Simpson,MaggieS@<tenant>.onmicrosoft.com,Demo!pass123, No,,,,,United States,,,,,,,,
