{
    "properties": {
      "parameters": {
        "resourceType": {
          "type": "String",
          "metadata": {
            "displayName": "Resource Type",
            "description": "The resource type for this policy",
            "strongType": "resourceTypes"
          }
        },
        "nameSuffix": {
          "type": "String",
          "metadata": {
            "displayName": "Resource Name Suffix",
            "description": "The suffix that must be appended"
          }
        }
      },
      "policyRule": {
        "if": {
          "allof": [
            {
              "field": "type",
              "equals": "[parameters('resourceType')]"
            },
            {
              "not": {
                "field": "name",
                "like": "[concat('*-', parameters('nameSuffix'))]"
              }
            }
          ]
        },
        "then": {
          "effect": "deny"
        }
      }
    }
}