{
  "$schema": "https://schema.management.azure.com/schemas/2019-04-01/deploymentTemplate.json#",
  "contentVersion": "1.0.0.0",
  "parameters": {
    "guidValue": {
      "type": "string",
			"defaultValue": "[newGuid()]"
    },
    "KV-AccessPolicy": {
      "type": "string"
    }
  },
  "variables": {
    "shortGuid": "[substring(parameters('guidValue'),0,4)]",
		"deployment-prefix": "[concat('cz-',variables('shortGuid'),'-sharedsvcs')]",
    "key-vault-name": "[concat(variables('deployment-prefix'), '-kv')]"
  },
  "resources": [
    {
      "type": "Microsoft.KeyVault/vaults",
      "name": "[variables('key-vault-name')]",
      "apiVersion": "2016-10-01",
      "location": "[resourceGroup().location]",
      "tags": {
        "displayName": "KeyVault"
      },
      "properties": {
        "createMode": "default",
        "enabledForDeployment": true,
        "enabledForDiskEncryption": true,
        "enabledForTemplateDeployment": true,
        "tenantId": "[subscription().tenantId]",
        "sku": {
          "name": "Standard",
          "family": "A"
        },
        "networkAcls": {
          "defaultAction": "Allow",
          "bypass": "AzureServices",
          "virtualNetworkRules": [],
          "ipRules": []
        },
        "accessPolicies": [
          {
            "objectId": "[parameters('KV-AccessPolicy')]",
            "tenantId": "[subscription().tenantId]",
            "permissions": {
              "keys": [
                "get",
                "list",
                "update",
                "create",
                "import",
                "delete",
                "recover",
                "backup",
                "restore"
              ],
              "secrets": [
                "get",
                "list",
                "set",
                "delete",
                "recover",
                "backup",
                "restore"
              ],
              "certificates": [
                "get",
                "list",
                "update",
                "create",
                "import",
                "delete",
                "recover",
                "deleteissuers",
                "recover",
                "managecontacts",
                "manageissuers",
                "getissuers",
                "listissuers",
                "setissuers"
              ]
            }
          }
        ]
      }
    },
    {
      "type": "Microsoft.KeyVault/vaults/providers/locks",
      "apiVersion": "2016-09-01",
      "name": "[concat(variables('key-vault-name'), '/Microsoft.Authorization/keyVaultDoNotDelete')]",
      "dependsOn": [
        "[concat('Microsoft.KeyVault/vaults/', variables('key-vault-name'))]"
      ],
      "comments": "Resource lock on key vault",
      "properties": {
        "level": "CannotDelete"
      }
    }
  ],
  "outputs": {}
}